Open,High,Low,Close,Volume
HDFCBANK.NS,HDFCBANK.NS,HDFCBANK.NS,HDFCBANK.NS,HDFCBANK.NS
708.0793931756458,726.1985965026994,705.9336980448105,724.6012573242188,9069184
724.7681267081098,730.91913100355,718.9509321312872,728.844970703125,8857352
732.778766127711,749.5628473145584,728.6303872019736,746.153564453125,14332638
735.7349713389451,741.3376193708522,729.5601612584005,734.185302734375,9628930
736.2118203075931,747.0595009500787,732.3495808188819,739.3350219726562,11179384
742.8873130102296,749.562808762568,736.9270489456418,743.4356689453125,8856496
744.580075519005,747.9893001103385,738.0237848345857,746.6542358398438,8389198
747.6555607372823,751.7800753123378,740.026422362412,742.24365234375,21085530
741.4568734293832,741.4568734293832,724.9588736102951,728.5827026367188,41963896
729.536401427444,738.4529341626065,724.2913684760049,736.76025390625,11208968
729.5363169409044,741.933666117678,724.362819406353,725.4833374023438,22989372
730.9668513546392,739.5019619124464,726.1986396693512,729.1787719726562,12341152
731.4436449073416,734.1853665228679,721.5972765078322,724.029052734375,14317626
728.7972806282219,728.8211449685675,715.2794123479641,719.5231323242188,15197846
715.231741458668,729.4410353379302,708.3655050995233,725.5310668945312,11537694
719.9760473917188,725.3641494836409,699.7588778917919,708.8661499023438,11868508
695.5151986563325,712.8476362305627,688.5297570012926,709.5337524414062,13594248
691.390628737237,708.0793680515841,684.2383118882311,703.2872924804688,28617838
704.5032586078653,708.8899899646295,696.1588883705471,697.7085571289062,24925208
702.2383969728007,711.2026584917774,699.4013342174085,708.4132080078125,12842546
719.2847128175622,723.33769263788,702.5721080409103,713.80126953125,14739484
720.9296531161825,731.9204029707604,717.9018507124601,730.1084594726562,13969290
728.9403182415431,734.2806917306788,719.5231007205157,722.5509033203125,10564762
728.7734396895028,730.8952704734436,721.9548741269983,726.6754150390625,11579958
721.0011863049954,724.2912635937969,696.1588182007528,700.044921875,12268042
703.9787869298048,704.9562354047413,688.7920443085895,697.041015625,13981130
702.8343738300678,715.0886540806432,699.4966257860987,714.0873413085938,11308342
721.907187260953,732.1588415054117,716.0184579756257,727.1998901367188,14314530
715.3509259031543,727.1522492933248,714.9933100428462,724.2197875976562,10711104
710.4635536816994,714.969490521759,700.5933786007545,702.6913452148438,14656620
703.7880295497329,727.1045958283961,702.381430415233,723.7191772460938,13135066
731.6104996879021,731.801239783784,718.5694532361377,722.7416381835938,10032264
721.4780012996904,725.7217207692447,716.1852986829209,718.3309936523438,7351208
714.4211204283296,723.3376522529231,710.6780280033935,721.1204223632812,7796128
717.1390189287181,729.8701205170446,713.1099034410892,725.7694702148438,7468066
710.3681638508536,725.7694518837764,709.485998169594,720.3336791992188,9536196
727.1999374291306,727.4860184831842,713.1575775889172,715.660888671875,9029562
691.3429712914594,703.2873057309172,670.9588678877411,676.7999267578125,23630766
686.5985822628503,698.9721258594196,683.2131637853273,694.2992553710938,18318654
679.9469568224146,685.9310855101119,674.2489673879876,680.066162109375,24880832
661.1125436317537,666.7867271223132,645.8065959143817,655.271484375,38505560
658.4900132950686,663.7350459860503,649.8595620537765,653.7218017578125,17527922
648.4768340651299,660.8741853046103,637.4622759511957,651.576171875,21219364
628.6886914363366,635.2926527769117,618.4609009671524,631.6926879882812,27054458
620.9165005032236,636.0794368989913,616.0529478811819,633.1231689453125,39212492
634.1721328923377,655.486015129068,628.8555654002568,653.7933349609375,23134694
680.4237752079542,680.4237752079542,658.1323866368458,664.0687866210938,22273206
661.8277543205705,671.8171341024205,654.532367464005,666.0238037109375,15150780
674.7018729632736,691.3906118704924,674.7018729632736,687.8383178710938,25018126
688.2912981269064,691.1522248943199,673.1522273160099,678.9932861328125,18867928
689.9601889702185,693.7747580868472,684.8104973804876,690.508544921875,13364108
701.8807436469912,710.3681835304403,701.1893762510894,705.7191772460938,14823954
709.033027266558,712.2038994533093,702.2621904364087,708.7946166992188,12257876
706.3151817367594,714.2780715350075,694.8237456368183,712.4423217773438,10461814
718.569432653002,724.1959451889697,702.6435954971895,705.337646484375,31188256
699.0198096341156,700.7602184820541,684.0238076687907,687.8860473632812,20160044
691.8674795786668,692.344300722415,676.6092029787237,682.2833862304688,16366462
682.283420230434,685.6688388786094,668.3125367401232,683.1893920898438,15754886
687.0992707480426,696.2780778000204,681.8542381469125,692.2489624023438,12377448
701.8807254115032,707.0065527200452,693.3218091413833,704.240966796875,20109742
701.4039395415914,707.9363662740731,698.9721632210322,701.093994140625,14295714
703.9787569788011,719.9999359657724,701.0701596071007,718.0926513671875,14568556
753.3774846001173,821.133764453707,745.0569780683059,789.9973754882812,97450970
794.717767449619,794.717767449619,763.8674631022413,766.8475952148438,30922582
757.0488740941967,758.0502450175745,737.8091534123917,739.47802734375,27027860
734.9244267815849,734.9482329145272,721.7641171036882,723.2184448242188,40781732
721.0011849444854,727.5098047024128,713.9442674775438,722.2171020507812,41256322
718.0926114805898,719.9998959732341,712.013142160286,713.3959350585938,20799066
707.6025843433525,718.4979359449643,705.7668345628483,712.1323852539062,27435402
710.4635588919804,716.3284826939769,697.4225112474206,698.5191650390625,28892520
676.5376927278988,682.6410268717416,662.8052782128149,665.3800659179688,45620376
658.4423321203786,662.5668466742184,632.7416607110928,639.9893188476562,74096022
645.8303266993228,648.4290366623537,636.7230551741235,645.7588500976562,49325736
650.8608866052177,657.9178630902536,645.2821022880278,655.3191528320312,52446270
648.4767477932386,655.7959406216756,643.3032500861763,646.3787231445312,20659148
643.7085121820943,653.5548799540203,630.4767260983513,651.2184448242188,20935488
654.1986088050767,658.9429559000614,647.1178264660755,654.2224731445312,17016842
648.476747898644,657.5363495236986,646.6171338186759,654.4608764648438,18054334
654.1986172633871,657.5363653106492,649.4780762411178,653.888671875,20773722
658.180113958773,669.8145625649154,653.9841224358063,660.2066040039062,28401476
649.4543471364794,670.6251621255418,649.4543471364794,669.3139038085938,19494316
667.5495879136707,669.2661323557363,643.7085312024682,646.5694580078125,29055916
655.6290413038782,655.6290413038782,642.0396393568525,645.1151123046875,17862912
634.172115252684,636.5562209491226,626.0661558847925,628.259521484375,26731268
619.8674489426816,632.5032084788209,617.7217539271107,629.3323364257812,32762434
627.0436898763718,645.1390296200159,627.0436898763718,639.4410400390625,20113812
645.1389791713791,646.0926214170131,633.5283964719263,643.0409545898438,17102924
637.252615477622,640.002132281138,623.6981659522908,628.5459594726562,22382290
631.9224852707765,635.7572646418444,620.8039450637737,622.9022216796875,16768238
626.5923134424473,632.8630602282456,619.9839346134761,629.5347290039062,9804356
633.1524968241686,635.2749153032695,626.2064267482319,633.8278198242188,16641444
638.6756202518761,643.1374980279909,631.898366130845,633.7796020507812,15732384
620.4180674933186,625.3382276312835,616.6074296986043,620.828125,20537506
628.5218057165818,638.7479235919848,623.384604967808,637.1802368164062,13919350
633.8278018506758,641.5215023764712,626.6405493987073,629.004150390625,19486320
627.0747187509892,639.1338479577389,625.5793985058456,636.2155151367188,12870796
641.5456114677007,644.4156603870717,638.265505089167,640.966796875,12887112
647.4063842319915,661.3226067402965,646.369287404812,659.2484130859375,26992428
661.7085459993486,672.7546609899076,661.202039031456,671.4764404296875,24031718
680.2554521740108,685.1996949570517,674.5635198561582,676.0588989257812,12624674
673.3335523614571,677.6266141495604,665.6639343844473,669.9810791015625,13485388
665.6639155739177,675.5282594654872,665.2539169676297,672.8270263671875,12091896
669.1610592589642,669.5228331241249,664.988588904284,668.1239624023438,11475020
674.4912276766864,675.6729987672694,663.879194142594,665.8086547851562,6957244
663.879160793159,669.0404441997538,656.3301346318602,664.9161987304688,6173266
656.9813446350653,662.9144596263858,653.1706481136257,657.270751953125,10253966
662.4320867786935,666.1462748960183,654.5695112482961,659.5861206054688,5986588
657.1019253475819,666.6527788670805,654.641874859973,664.554443359375,7311816
656.0647968813838,659.8513513485237,648.1057722928572,651.7235107421875,9155430
638.4584832030828,641.5456318546654,631.0783319405482,639.9055786132812,10892572
632.5013242698298,639.616210472293,629.4865419806504,632.8630981445312,11870356
627.8705914646156,634.6960699200056,626.3029047715826,630.6682739257812,11810470
631.898360963415,636.9873369653816,616.4626758101103,618.0545043945312,12169192
615.0155463960888,626.5923096223681,613.37549316254,622.1304321289062,14723922
629.3417870493628,639.133823137972,624.2528700512147,637.7590942382812,15936840
644.8739551794533,653.122387140107,638.6755750248155,644.7051391601562,13220684
642.6309900941582,644.8980828132245,638.2655618045591,641.666259765625,8159698
641.7868364521155,650.2282266346875,635.9984546126376,644.0298461914062,15372244
645.6699320182898,656.8125558441634,645.6699320182898,653.0260009765625,8013432
660.8402847782259,663.7344758064517,652.1577116935484,654.207763671875,9804164
648.2987654291875,651.6753214991311,645.5975323497255,649.2152709960938,9770574
642.1485835297218,651.5547036264952,642.1485835297218,648.2745971679688,9994046
644.4398892456417,653.1224626037416,644.4398892456417,650.228271484375,12475822
648.2746289647957,656.0166132848568,641.5698003908714,653.0018310546875,11472452
652.9776875780451,656.1130610894226,647.4546300994508,653.9183349609375,8487480
657.946118491595,665.3504123740792,650.3730085692763,652.4471435546875,14325718
650.2281871367935,662.4802730625993,649.7940467487114,661.4431762695312,15049078
665.6638856418625,674.3464580632782,662.9867355922744,673.2852783203125,17743142
680.1348758584829,680.1348758584829,672.7788071656873,673.912353515625,12474030
672.4170226164516,680.0866403180534,672.0552487520597,678.2777709960938,7462880
677.8436842582803,677.8436842582803,670.1982077618735,671.3558959960938,9876974
670.4875431821996,672.5134532129304,653.2429894636646,654.9794921875,15945610
656.9813992877719,662.1186004199303,650.8312430169062,651.6995239257812,10372410
652.6400648902653,658.3802221007528,649.6494244356245,657.0054931640625,13595646
650.2282712496366,658.9590693467469,647.3582219436217,650.01123046875,20332220
644.922221776499,655.3172145735269,644.922221776499,650.2523803710938,15792538
655.9683225641609,661.3707882242235,653.7253130340381,658.4525146484375,20347862
656.2819074596549,660.599051861515,655.1000775503593,656.3783569335938,12640278
658.9108047786692,673.8641246528557,657.1743019891278,671.6934814453125,12729592
672.8993701308117,677.5300636971548,667.2557215472161,673.671142578125,10143126
673.3817693735987,676.2759603594451,668.7028508328001,672.2964477539062,8527964
669.9569343078258,678.2053661739901,667.7139246986812,677.43359375,9212778
682.5708649279183,686.8880096942879,680.6172624147754,683.4390869140625,17420406
693.6410554767117,693.9304627776088,682.6913906017958,691.8080444335938,20019736
694.1234650258832,698.6817922334908,689.8063203982013,697.5723876953125,13193036
695.5705616335376,696.8246992746916,686.4297653925188,689.9027709960938,15036510
687.3462063765331,692.5557736210444,683.5114269343687,691.5186767578125,10975498
694.6057539881289,697.8375766516177,681.5577542925209,690.6986083984375,12012206
691.2293021946052,693.1346211005633,685.5132865942628,688.3592529296875,9268982
688.81744717467,706.4237754813054,688.3833067549995,705.2420043945312,15357736
704.9043103661601,709.8003284859302,698.9712542648701,707.2920532226562,17353102
717.0357569608509,719.2064000192591,711.2715172809515,716.6498413085938,18301766
716.3122159737486,718.3864095797213,711.946788006917,716.3845825195312,8850370
721.0394667079108,727.6478458651349,717.7835018689386,724.5848388671875,12563756
723.5477541981426,729.6979101088268,716.6740505332602,728.3231811523438,12384350
723.5476967333088,730.2525838328634,723.3788807138969,729.1913452148438,8342138
728.3714399873242,729.3361703714132,718.7241361464324,720.1953735351562,8063702
716.2157557669033,717.9281166182991,707.9672650854643,709.2455444335938,8234066
701.0213385794941,711.9468627838825,699.6224677831306,707.0509033203125,14966884
705.169662958819,711.7298175795343,703.8672416534218,710.4515380859375,13455520
713.8522095171527,717.1805408857875,702.8060356160153,706.5925903320312,11823040
710.0656690475789,714.7687294351829,704.8319598692464,706.7131958007812,7706176
693.1587181175696,697.5000044523352,689.1068390952955,694.31640625,8653178
697.71704458313,718.6999285154617,696.1011331142595,716.8428344726562,10135400
706.5443775931597,718.4587736520871,703.7707778859327,710.1138916015625,22403136
710.1138430064584,718.965231429042,706.7613699994016,716.5534057617188,12038086
716.8428307989004,723.0653529510224,715.8781005081053,721.1600341796875,12131932
723.0171331841434,726.7554630866782,717.0116517531735,718.4105224609375,12238696
709.7038710282643,718.7240758092604,709.7038710282643,715.0098876953125,9776206
718.7722761346909,723.547702749329,714.9374968631046,722.3900146484375,11164690
721.7146873942688,727.8889846406937,720.6776494657937,722.8723754882812,15128888
723.5476939332721,725.4771544504274,718.7240426403836,720.4364624023438,11080492
723.0171376179903,731.2173451964181,722.848321591398,729.86669921875,13001966
720.6776703901177,742.3117354254085,719.8576143119205,737.3674926757812,20219760
738.0187346268222,743.3006098608697,729.3361612782713,733.53271484375,13539372
725.0430658125504,730.6384899352208,715.3475377982514,720.0505981445312,20560046
718.241785945731,730.3009159985471,713.9004991267171,724.8019409179688,12076038
730.3008916503326,735.1245435106385,728.3232061641008,733.53271484375,10781668
727.4066413936991,733.9185708756719,725.9595459532608,732.3991088867188,9072304
724.5124591401255,728.4437469099554,715.2269299534096,716.7946166992188,12048144
710.2103313304277,711.4886107805266,693.1587347061809,697.5723876953125,15806252
687.5391615114958,692.8934029524557,683.9937894007564,688.166259765625,8923486
690.9399021208558,694.6058657469151,678.6878146568818,681.9920043945312,12639700
678.2053908595426,680.4242587402006,668.5098632645725,670.2705078125,11816132
673.5264531956328,676.3723603508474,665.0850634378828,666.7974243164062,14410388
665.0851379998655,690.4816177836702,658.4284749202122,685.6097412109375,15781756
680.1107190257488,683.9214154835227,675.841799228908,681.6784057617188,11541112
689.5410055014813,703.2884127465265,687.9250939702237,700.8765869140625,11538526
704.2290095902497,705.5072890730547,691.8081064062789,693.1587524414062,12549198
689.9027054190412,692.1697979055393,685.1272790061929,690.1680297851562,13297994
679.1701358215548,687.8527085806371,674.4429337664017,682.5466918945312,13109302
675.8417966228404,683.5114142472737,675.0458823526933,675.624755859375,14521620
676.8547948646151,682.4743609701887,674.0088874176649,680.0384521484375,9225050
676.3000808982665,678.3259909716494,667.5933664033869,672.2240600585938,14714234
683.511440465316,697.9823954504674,682.6673014245156,694.1234741210938,12849920
692.194039428064,703.0954808160819,688.3351179539006,697.765380859375,18410500
703.3125108934265,705.6519700291806,694.6057966257918,696.462890625,10561108
706.1826317125385,712.6463369760187,701.0695725217148,703.6019897460938,12967040
696.5353315521584,700.8283935023462,695.8117837700751,698.8507080078125,7898078
700.3941856312225,703.1195604578643,691.7116130820751,693.9304809570312,10492606
701.5036787109029,705.7002320676833,701.5036787109029,704.7596435546875,2167794
704.783687251749,708.0155689870095,697.017620351659,699.8635864257812,13773394
706.4237560792802,707.7984849684248,700.032417896931,701.5518798828125,15937276
699.4294235740401,707.6296306090461,698.1752860392961,703.6259765625,10474278
710.0415363683417,722.5830308965868,707.750301791066,721.9559326171875,12830528
725.2360871909138,737.5363999434036,723.0172190199003,729.9391479492188,19073756
731.7479237888459,737.1745316613736,729.1431402335398,730.3972778320312,12720406
722.4382315594254,733.3155887925764,722.1005995214516,727.1895751953125,10332352
725.0912473700487,731.3137693879643,718.5310933106224,722.1729736328125,10818060
728.3714171984185,729.3361475523236,719.7370687544734,727.7926025390625,9835834
730.8073824927206,732.2061943953107,725.4772237519285,727.5755004882812,9269790
722.148858831938,736.5715886841722,721.1600455976956,735.4862670898438,12774182
745.2541907851785,789.6317866118687,741.8776345809738,777.1626586914062,56722338
777.5725860493451,785.2904280944999,770.8194742598347,779.0438232421875,19195390
782.951046003833,782.951046003833,774.3166975901405,780.94921875,11030202
780.7803494557603,792.0435637533484,777.5726094825808,787.654052734375,13578150
780.5149817263937,787.0028278602787,778.4890717939862,780.5391235351562,12100930
781.9139165675635,782.8786468779491,774.3166653732766,778.4891357421875,10459232
775.474366177868,777.5726428607073,767.0570587529048,770.5059814453125,8344816
771.7842623432601,773.8825390300126,767.4429758675793,769.3724365234375,8546314
774.1960307664663,774.1960307664663,768.8900143562288,771.3742065429688,10185738
774.6542645333236,787.2198998454845,771.3742169467785,783.9157104492188,17197960
786.1104996790083,787.0752300259826,778.5856147491023,780.2980346679688,8410496
773.1831256400801,775.377851785477,768.9142057566489,771.9048461914062,16105980
770.4577240385812,777.7414259155445,768.3353056345914,770.7471313476562,12638236
770.3853966219323,778.0067898153266,770.3853966219323,775.8602294921875,15184806
782.3962815400441,789.6317588662467,779.0197254544829,781.1903686523438,20446366
776.6079161660791,780.7562448113425,774.2684568907678,775.2090454101562,7811078
776.5837882671764,778.8267981025933,769.9512671251986,778.0308837890625,11592622
772.266640418816,778.3926545506005,771.7842752467868,777.1626586914062,12353092
778.6097375997942,780.7562390165526,773.9307602014325,776.824951171875,11674720
776.607899679082,784.3257421603648,774.1960739036812,781.1903686523438,14803634
784.3257511359825,788.5946710308014,781.4315601723811,786.76171875,11963384
783.8434093170746,797.6390415445616,782.1069064636964,792.8877563476562,14434808
795.9025167531001,799.2790728847799,793.4906909447574,795.08251953125,17031702
797.349584810392,803.3791491238403,795.9024893751645,801.8114624023438,14227640
799.3032561195926,805.2604543984365,784.8323005195816,787.12353515625,18182648
781.4556286603497,793.5388394701529,776.1254705828532,790.9099731445312,14647958
793.0083433082535,794.2866227914178,784.4222196878171,793.3701171875,9604542
781.528008234021,789.342359151051,781.528008234021,787.895263671875,7174698
791.5612211755471,793.394232321749,774.943765100564,780.2738647460938,9269198
782.4927611645267,785.0493201379321,776.1255644251507,777.5968017578125,9747096
765.5134951626111,773.786069284434,764.7658056250618,770.6506958007812,10693152
771.5430555103984,790.596478888117,766.96058659677,785.9898681640625,9907322
787.7023332485903,789.1252869663217,778.2962123065527,786.7858276367188,7926772
782.9268705764305,787.7022973829858,782.9268705764305,786.1587524414062,8691870
781.4797562579395,792.7671123786121,777.0902452339179,791.7059326171875,11012896
793.490695245582,793.490695245582,781.4315661385062,785.3628540039062,7122640
784.80811557369,790.958271365678,780.7321535233588,785.6281127929688,4381378
782.4926850885154,792.5259032782546,782.4926850885154,790.7652587890625,8378030
788.6670677423684,793.8524934171271,775.1608427290435,776.632080078125,10351600
779.0197369013446,780.4909741989435,766.6712005263366,771.6395263671875,10941436
772.7489711801827,776.1737519725907,761.2686570441205,769.0830078125,9092462
769.8547603983275,777.3555618486773,766.9605695697624,770.5783081054688,10729340
771.784175522206,771.784175522206,754.9013966826578,756.4932250976562,16371766
756.3243990434729,770.8194950790142,752.4896197266972,767.3947143554688,15195798
765.8994487906459,773.6655163354311,764.1388041245458,771.494873046875,9250070
771.1813337343494,776.5597172832515,765.0311776717299,772.0978393554688,9244546
779.0197025774985,782.0586265182475,762.2816557407382,764.6934814453125,14748094
766.8641685991317,777.0902866205431,760.9310534723196,776.0773315429688,10786354
774.1960712491581,791.8506240880665,771.6395123830129,789.7764892578125,19090642
789.6317378213868,795.9024846703044,787.7022772524891,793.0565185546875,11172162
793.0564856392286,805.0673889586024,792.7188536066702,801.184326171875,18843404
803.7409763290404,811.6276351979961,801.4015169966393,807.045166015625,15444400
807.9857540626296,821.1784289100816,807.961612252562,817.85009765625,24983940
815.8724536217796,816.6200842996665,793.6354312436864,795.2513427734375,14704142
787.2199932399732,789.6318191996545,766.9365133660657,779.4057006835938,35179948
769.3724365442732,783.988124565781,763.1016894125644,778.6097412109375,18512822
781.2868262199104,782.7339217001343,769.372430319053,773.4725341796875,18596244
783.3610054534313,803.1379766502235,774.6784327328884,785.0734252929688,17302790
775.691380932087,783.6021811175225,766.3576271163213,773.400146484375,17497106
777.0902610146966,800.9673360738074,775.1608004038593,800.1473388671875,14411100
800.7261555866411,805.260399810432,794.0694929088986,796.7466430664062,11167672
800.4367398654911,803.0897481844554,787.5093303219152,797.9284057617188,10264588
797.9526225485565,804.681593455023,795.9025704730956,797.83203125,8444826
800.7261125515538,801.5220267893174,788.9323087238847,796.1677856445312,11777336
795.3237358607116,800.0026545744545,792.1400785526316,799.3273315429688,8172116
798.3143253361765,801.5702901071851,793.2736330584898,799.9302368164062,5736944
803.1379804098185,809.1675448273096,799.7372825253675,807.3345336914062,10908592
809.4087070778854,809.4087070778854,799.1584478255583,805.6945190429688,11438712
807.0933285311695,811.2899405777955,801.2084973773494,802.7761840820312,8062500
801.2084634186779,804.6573857992902,792.5017494594882,798.7484130859375,8956270
800.7261060950173,805.2844329652845,788.5705285193305,791.2476196289062,8086706
791.078859868471,801.8597093834782,788.1846689177328,794.2142333984375,12389296
790.5964681432168,792.0194217598607,776.1496556858976,778.6337890625,10359102
778.0549889354388,780.8768132936466,767.97354549822,773.3519287109375,27882010
780.41860834929,780.41860834929,764.6452322027448,766.4541015625,17061740
764.9829408539418,771.3019128537991,760.8346121360372,768.3594970703125,14312972
767.9252843595006,774.34076411976,766.3334558829063,771.5912475585938,18993992
777.5725980133565,778.0549631486005,769.7341645656411,770.8436279296875,14137256
768.889996651724,774.6542362480423,763.1016152465668,764.2833862304688,17391814
769.854779163333,781.4315427597741,765.9958579645194,779.453857421875,14986234
781.4315914928704,790.8135706895969,780.4910029449867,784.952880859375,27004710
781.431531998659,790.8376522912355,781.431531998659,786.5205078125,20099774
786.2310606065134,793.9489030842286,784.8081069526708,786.5928344726562,20700166
776.8249118715015,778.416740377699,764.5487426792583,766.3093872070312,27387000
765.9476456258026,773.6172634090996,754.8773299280118,756.6138916015625,26443550
757.4338567110581,763.873419516379,752.1519820115446,754.587890625,33185612
761.1722830172323,763.5358842657064,741.202352028499,743.7589111328125,37264754
742.3599970581677,752.0555252042662,739.0075826777208,748.58251953125,21753342
751.28370905281,761.7510090866277,742.8423190634526,758.591552734375,22950876
756.3244417587223,756.3968083104296,745.4471425477011,753.3338012695312,26503114
758.2539042968058,763.3428803856973,750.6566528806449,761.8716430664062,33050494
764.0663936055547,765.0552657108709,755.0461889006971,760.1110229492188,14177324
756.227962146607,767.1294027346578,751.7902263299555,754.0090942382812,28364178
752.4896735157915,759.194561229381,750.0537058273848,752.80322265625,31477748
753.5507740140978,761.8715724125309,751.95900443257,756.0831909179688,31872006
755.2391036527499,763.5358196924155,754.4673311771327,762.2333984375,39276302
764.0664029267351,772.7489756872662,763.0534478811662,765.8994140625,39763612
769.6618398091277,778.0308635835311,768.1182948455223,776.390869140625,34711228
775.4260735827488,779.3573022117447,773.1106974496624,776.8731689453125,40025398
780.7562179910218,798.7966863307823,779.5020803807635,797.7113647460938,43365392
795.2031199238132,805.1639135203102,794.5036551019078,803.7891845703125,44637344
802.2938308487209,806.0321607384412,797.8319532384093,799.9784545898438,31813286
800.2437994257051,805.2604088598398,796.4331028900419,802.3179931640625,42361542
804.5850776598,814.3288302271545,804.4886281818917,812.737060546875,26955504
814.3771379057786,818.5978331320932,809.4811196667603,816.37890625,35330086
829.6681312076578,829.6681312076578,797.4943964167209,803.9339599609375,32405148
805.5498739540889,809.0470216104763,798.9897190923939,800.5332641601562,29637226
803.1379538942534,805.694512675851,799.351399341575,803.4755859375,24741168
806.3698002339682,809.1433998551772,803.8133002604197,806.46630859375,32922716
805.0674436664015,808.9022230955292,802.29384402525,807.7686767578125,20128618
813.7500168301779,815.8965182178523,807.5274945515454,814.3047485351562,35675852
814.0876301223602,814.0876301223602,801.6426447343983,802.7279663085938,50353068
800.7261584302918,807.9616357655052,798.3143326518873,806.4180908203125,27392750
805.7910007746854,812.9058868934682,803.5479910014234,810.8558349609375,47790392
812.6405579765079,815.6794820243216,805.5498137082301,814.0394287109375,27916272
814.5700113885331,819.5383960239479,811.3381884121721,813.87060546875,32221184
812.7611232367163,818.0912816138962,810.2046233111512,816.716552734375,29407270
813.7982447686953,836.6382231809371,813.7982447686953,833.4305419921875,56854638
790.5964843915726,801.1843759285165,782.4445015435618,784.1569213867188,62770416
788.6670753987689,796.0713691925328,786.2552494801183,793.2254028320312,37244524
795.8542341436929,798.7966496394231,791.054665804607,793.2494506835938,43688938
793.2495028817416,798.145521015334,787.7505283002306,796.9154663085938,46340550
803.2103438118877,814.2323757473779,795.5407261263999,797.446044921875,35734618
794.455428454488,806.9004732910969,793.1289242479004,804.4886474609375,22478760
806.5145230742604,810.7352180963296,803.1861917946501,808.3475341796875,18512260
815.6660594732824,815.6660594732824,802.1025018596214,803.7125854492188,32722086
805.0298248824222,805.0298248824222,793.0031552839979,799.3945922851562,30466868
804.054022606383,806.9569850906413,800.1508477393617,802.59033203125,49646942
804.0540696836244,805.0298634575124,796.0281897164867,803.5173950195312,30460332
802.5903157009471,806.4447127152497,796.5891606419186,800.6631469726562,28334032
804.5419358732687,804.834662082721,796.9551157476753,798.7847290039062,22470074
794.0765994370264,797.5894331878482,787.2704021529369,788.3438110351562,33588112
788.2949456035906,790.4173446250281,779.3420499896171,785.3187866210938,29776930
789.9050572449158,789.9050572449158,781.732784416718,788.3438110351562,26635066
794.5400442125162,800.638755021639,792.7592087447078,797.955322265625,21816292
797.0282985264424,801.4437889322099,794.5644551182551,798.565185546875,37125928
795.2231089661781,797.6869523898524,782.903713174639,785.9286499023438,43334270
790.3441196825829,790.3441196825829,780.6349604504364,782.5865478515625,50366938
786.7092980537187,787.8559033645765,781.122902616993,783.8063354492188,17859710
787.7094846820553,788.6852784072731,781.8303036645292,782.78173828125,18697242
784.367434433647,785.4407837511962,776.8538105376275,780.34228515625,32182852
782.3182229424684,786.7581321656015,778.683415034975,784.3917846679688,24949026
782.2206246628023,793.3202779988876,782.2206246628023,784.879638671875,37395522
788.392578942783,789.6610989170485,784.0502848067327,785.8067016601562,18212578
786.7581177849708,788.3437826048995,780.3666211723103,781.0253295898438,13408292
775.8047607027141,785.0260229773859,775.8047607027141,782.3425903320312,27926108
785.733448249084,786.4897121800375,780.7325056002965,781.48876953125,20113968
782.5865706534042,783.5379457160846,770.3891490409759,771.8772583007812,35377476
774.3655055417246,785.1235954628554,772.8286185364998,781.9766845703125,15779272
786.0018717472997,787.5875366034007,779.8299643189309,782.6597900390625,24829146
782.6598078187155,786.0018896028747,776.0731998052836,784.2942504882812,20005626
788.4413831501022,798.8091921797678,786.0018986725338,798.004150390625,24308946
800.1508707684897,808.7134847025468,799.6873925627804,801.9072875976562,56596140
798.9555579013182,809.8600412336733,797.2479188250923,801.8585205078125,21339218
802.5903378501325,805.3957448061436,794.6375951778294,797.979736328125,16130314
801.5901708104673,816.2027183861661,799.4434721427688,809.2257690429688,33831864
814.7878133024485,819.6180044665053,810.1527928076142,817.7883911132812,59562950
831.3762469714703,833.7181757156055,821.2523871565302,830.1077270507812,40699016
835.5234119396658,857.4787716694673,834.3036697324546,839.0850830078125,44104116
840.8658394694583,852.3558346178194,836.1576823050692,843.183349609375,38795188
837.3529731411762,839.1825863381343,814.0803170989572,816.3978271484375,37165754
816.2515011368937,823.4967580788349,810.1040122030564,817.227294921875,52156544
812.3483176771764,817.2272865521144,808.1036385790705,810.10400390625,19926336
810.3967124251951,818.0810882353678,804.8834538938545,808.1767578125,38398442
811.3724888813749,817.7151481450297,802.8342937187628,804.2492065429688,50670426
807.6400835992547,812.9825901381562,793.8814154880679,796.711181640625,70958358
808.2987404818275,808.6646631432802,799.1995112798835,800.6875610351562,41913546
806.7862853340082,806.7862853340082,797.7114150922108,802.346435546875,24727214
805.0298344812674,820.6425343015101,796.7355877017634,819.1300659179688,49252928
828.448907588953,831.3762888878539,814.7877948607488,818.447021484375,81076818
820.2034417561749,823.9358648393088,817.2272826681524,822.155029296875,32935134
820.2278476925492,825.5215169029885,819.6667543717617,823.9358520507812,56210948
819.6667624337983,824.4481757044188,816.373458477591,817.5932006835938,42154248
818.93488617329,821.9354637982487,814.8365406043993,818.8861083984375,32179444
821.9354643998514,828.9367724913978,818.8861089978083,827.7658081054688,55992596
829.2295010476054,829.2295010476054,823.5699093169246,824.88720703125,24794358
829.3758870454686,830.8883554050667,813.5435981500048,816.3246459960938,59741302
810.6406643284031,814.2511131439686,800.6875560868556,801.8585205078125,41015684
805.0542616506194,808.347565553735,799.5165844784608,805.6152954101562,34565006
807.2009722956286,813.5436317592228,805.029854994642,811.006591796875,35394188
801.1266817501572,805.7617021378712,796.8088062478844,800.3948364257812,28116322
800.1508990360519,805.6885168221038,791.8566519118978,794.61328125,57673946
797.784604285571,808.2011908800869,794.9060007494003,806.1032104492188,37388304
811.4212754913166,811.4212754913166,803.8345148702808,805.6397094726562,28300918
805.8592577562493,807.7620675113249,801.1511004818985,804.9810791015625,43773828
806.4934847882862,807.2253300557892,795.8085319711986,805.2737426757812,33361236
803.5905794193144,807.1034131295677,795.7598106781471,798.1260986328125,50781118
799.3702620772539,799.3702620772539,788.5389155798756,789.8074951171875,28225822
786.0019027782608,787.9534903705098,780.7570111240918,785.953125,31304410
772.3895065635418,785.3431920097205,771.511327950847,783.659912109375,34137542
779.4640823600838,785.4652381057718,777.707665416235,779.3177490234375,52884040
774.560702076671,778.8297997017655,773.5604896671308,776.1219482421875,25633366
780.8789506008055,780.8789506008055,774.2923427700583,775.5120849609375,21837270
778.8541399832026,779.6591817131617,770.8770382395467,772.1943359375,32273570
770.8770605135924,776.0243963546683,767.5837566158286,774.09716796875,36498588
777.3660783913687,778.7809316164952,768.9986354650463,770.5355224609375,43145792
768.2180300384731,769.6573019623183,760.3384837835425,761.8509521484375,30069756
761.8509726321106,772.1700034813238,761.8509726321106,769.779296875,28867238
775.609619021279,777.0489505012675,771.5844699029132,775.9024047851562,35538932
782.5621323355975,782.5621323355975,767.8032525551803,770.2427368164062,28084204
770.3891505282477,772.4139344313643,762.6315784562223,766.7055053710938,100075772
766.4860040843595,770.3891791528985,760.8019934792544,768.2911987304688,43226776
775.7560601431333,776.4634868151419,768.3888289677845,773.0970458984375,25073638
774.9754017029198,774.9754017029198,766.2908135772075,768.3887939453125,38712082
769.3158055137819,780.6349890316516,768.3887895527622,778.439453125,56320910
778.4394449663586,787.4655369324367,774.3655180715922,785.9286499023438,34208342
784.6845272926629,796.6867778852234,784.3429637631981,792.0517578125,34502210
794.7352336317114,798.4432379796503,792.344527026552,796.150146484375,31573022
800.1508350246113,801.5657478029674,792.8568009308595,798.6383666992188,39033340
795.9062220231269,805.810493174693,794.5888646829375,802.0537109375,46420094
802.224444774757,805.0298518341791,797.7601764121316,801.5657958984375,23538848
805.0298459802119,814.7877835072447,805.0298459802119,810.7626342773438,173411202
806.8594393701605,807.4693104505612,793.369079160152,794.8084106445312,37056288
780.1470998444163,780.1470998444163,761.3142924601547,762.92431640625,115474648
757.7038817864898,765.4858134782056,749.9219500947739,757.8746337890625,72841442
760.6312236885273,763.265878709705,743.4328589450887,746.3114624023438,61704250
744.0427116129929,751.7026684930673,744.0427116129929,746.9700927734375,40208754
744.0426925758086,751.361145289669,744.0426925758086,750.214599609375,27575308
743.066921491163,747.701941684312,739.163746591669,744.9453125,39338538
748.4338089191366,750.1902257638557,740.798210886611,743.408447265625,55354188
743.4084224697343,749.1412105802158,742.725414511259,744.677001953125,32053782
745.0185099157792,745.0185099157792,734.7726757912006,735.7728881835938,38971694
729.4057746586333,748.9216482280951,726.6003678330233,746.2626342773438,54649430
748.9460936796582,756.996391814985,747.7507106461433,749.28759765625,48512674
753.3128022116446,753.8006991042687,746.409049269468,748.458251953125,17759356
745.5064087618508,746.4822024905967,737.7000589318837,739.7736206054688,16454972
741.8716226135862,745.9943274148624,739.2613266667726,743.9695434570312,33266292
746.5309953199876,752.4101764773297,745.7503722327934,751.166015625,31333360
749.4583493753147,757.2159213053872,747.2628135210143,756.1669311523438,22025336
751.3611592971675,755.6546754590972,746.4577720643798,749.28759765625,39745300
747.2140643142009,748.653336272846,741.847198687393,746.2870483398438,17856084
759.0455787726595,759.0455787726595,748.921718409791,751.9466552734375,32902558
751.9466261611034,751.9466261611034,740.6762204664743,741.4812622070312,31216200
734.4799638634047,744.6526017447364,733.4065550091384,739.1393432617188,30252364
734.2847724424435,745.0185033352898,734.2847724424435,742.9693603515625,21094010
743.310895864191,745.8723544813797,731.8940969731765,734.797119140625,22376136
742.0911691081274,742.969407332529,727.6737921968416,730.1376953125,28311996
727.5762591701838,727.942181848727,712.451455123729,713.9883422851562,55561798
716.9644531654734,721.1115765760937,715.6959332102402,716.793701171875,31940532
713.915087966083,726.9419104431438,713.2564391096424,724.5756225585938,23310982
733.7969252666779,733.7969252666779,719.1600185126883,720.3797607421875,32634824
713.4272545691302,720.8432637564346,713.4272545691302,719.4039916992188,33877466
724.5268581965781,727.2102910047137,715.8179109035378,720.501708984375,45225154
725.990553917439,727.649415212935,722.8924206560163,723.9169921875,18095340
730.8695042630269,730.8695042630269,723.5510512830901,729.161865234375,25593730
728.917876412396,728.917876412396,720.7211857059559,725.6245727539062,41952848
724.0145313824314,728.6495516152239,722.5752594490218,727.7225952148438,31399546
725.0147461329475,728.2348535514684,723.7950039624681,724.843994140625,22116740
722.1361449262588,729.893717065978,722.1117858174081,727.6981811523438,14015186
727.9908832570526,729.8692742316414,724.9659465881866,726.380859375,20605914
733.8456725451414,737.1877542035244,732.1136743858714,733.9920654296875,41245460
736.5778993678257,741.1153641961985,733.6749367412992,735.9192504882812,29713838
726.9663868265603,735.5045826449931,726.4784899226498,734.3336181640625,23701874
738.1880048721075,738.1880048721075,732.6016092267345,734.3823852539062,19331452
741.1153428785065,742.5790334832698,737.7488425760062,740.60302734375,24959972
741.6031913974955,741.6031913974955,733.577312261051,737.9683837890625,29123650
735.9924449287422,743.4816501399391,735.9924449287422,742.237548828125,13046220
742.1886871626735,748.0190904336469,741.5300383065145,747.5067749023438,16469192
749.0192973600948,750.0195098285905,744.4331141444201,745.8236083984375,28489338
748.3850109332752,762.5827977514604,747.9458918445226,760.7044067382812,34042488
765.5833508355901,767.1933746991155,752.4101359415714,760.5336303710938,69491440
760.094559091045,763.9245376765532,757.2647333720433,758.8748168945312,22153536
774.7802472731576,786.4897724208628,767.7789389401372,785.2212524414062,50662456
798.4432238456999,799.6629660147279,788.6852864934763,792.1981201171875,52230820
799.3946013731434,799.3946013731434,788.7584853611401,794.1985473632812,38613060
792.8323800376232,797.2234516809085,788.5388639411003,795.4913940429688,20450386
795.4914710926644,807.4693637250911,795.4914710926644,806.5911254882812,33728038
805.0542220104145,811.7139663737265,803.5661127932646,805.5177001953125,23187620
807.078940607522,808.0791529671129,796.1744579869514,797.5161743164062,36581476
796.4672029312892,798.1992606022619,788.0022043468377,795.7109985351562,29346914
803.0782434332697,809.3964840405941,802.5903465660563,805.10302734375,35172366
805.0298376075443,813.8119812905358,803.3709763336568,808.2255859375,138837130
810.2503364859865,812.2019240341507,805.4933418373363,807.8108520507812,18014754
805.0298503229964,809.2501702377497,802.1268877161335,806.4447631835938,24008446
808.9330262740693,814.275473281921,802.3219997332391,808.4451293945312,34232520
808.445095026968,824.4237171525765,805.1517912300869,822.9356079101562,36589240
821.4232000562478,822.5453867372178,813.3729012931991,815.2025146484375,48578850
816.3734938923124,822.5697607445134,814.0804022686417,820.8621215820312,18045856
820.3986140974329,832.5960362517212,818.9837012159904,831.0347900390625,27009078
833.9621511838195,839.8656914521523,830.4004801778285,831.9861450195312,44076470
827.9610073462868,836.6943734307831,827.4731104651163,833.937744140625,25011426
832.3520166115119,833.8889035830362,825.5214607893776,828.4976196289062,14239686
828.8392013460577,830.7907887666439,823.9113954629003,828.9855346679688,29242092
830.4004228715792,831.7177205183815,814.2754084633527,816.20263671875,28389762
818.6909860582756,826.9608145675378,815.1293149180067,824.96044921875,26734056
823.1552376088341,831.815407277285,813.8607781697448,820.7401123046875,31889470
818.9348512935586,820.8132422282941,809.908759694553,811.5919799804688,17998470
813.3972370566084,818.5933503674237,803.4441295070238,805.2737426757812,25326888
801.6145596320442,809.8843877783785,800.8339365494251,807.9328002929688,16115824
809.9087966724625,811.3237094938565,801.6145499595517,804.5419311523438,18314010
806.0056382026834,807.9572257043848,797.0283237833121,800.736328125,19773552
803.9076111208658,820.1058221787605,801.9072459593565,816.1538696289062,28320356
816.2514974086548,821.4476112014925,808.981821832203,819.2520751953125,25322500
765.9980663268547,779.0737259318286,745.7015689650251,750.1414184570312,170145236
728.917930211907,739.1637645723152,722.1117926384395,725.0879516601562,161070930
734.7482357256255,736.8462159988346,716.4277447853656,717.5255126953125,109600538
714.7689265432357,719.5015024385551,695.2530514157753,696.3995971679688,115469402
673.4196316690413,711.5731417684444,673.4196316690413,710.3290405273438,86004404
708.6702252145758,711.0365131944529,692.5208502382707,700.083251953125,98941852
706.4990698910049,713.6955485550716,705.4013019591981,709.7191772460938,65645498
709.6703762304247,713.8906362727595,703.0105724173578,704.66943359375,41728768
702.3275013750698,719.6234205347859,701.0102037297919,713.5735473632812,65761040
714.7933210839306,718.9648035169912,710.4022493284631,715.4275512695312,32690740
719.6478955480275,722.5020803747578,703.5717172298918,705.5720825195312,44867754
705.4988985073011,708.3775020517597,699.6685545315238,704.9378051757812,38605046
705.2793245552824,707.3040488630593,698.9610245305993,704.5718383789062,41075740
708.9141372613464,709.3044785722598,696.0580669176695,697.6680908203125,54837086
697.6193632556103,702.0592130876192,683.2996013019557,684.5437622070312,69106124
679.2256165687929,689.9837064547414,676.7129358615119,684.81201171875,56642124
682.8848523551076,689.715408398554,674.932109710006,678.1766357421875,34447812
679.1280361242076,685.1779693284328,675.4200317595935,680.3477783203125,57580994
671.3460880437335,678.9084894715517,665.2717958812525,675.273681640625,91320810
675.7371557915997,690.6180101249165,675.4200109188533,689.9105834960938,41584944
694.716357967764,696.5703303200842,687.1783156690677,692.7647705078125,32175742
697.2046050856056,697.2046050856056,690.4716046703677,691.3986206054688,34451756
690.3740905581558,710.9877338981431,688.8128443531284,709.5484619140625,56133508
714.2810247442707,714.2810247442707,700.1320153743363,702.1567993164062,45893136
691.7158169492286,697.1071014157957,689.0079653821297,692.5940551757812,50560882
694.0576968115299,699.5953142194604,691.837742292088,693.1062622070312,29833452
689.6666324420612,700.0587998580656,689.6666324420612,693.9357299804688,23506870
689.6666722248387,696.0824686778997,689.4227237800006,692.8867797851562,32087150
692.8867369428438,694.8626834892208,685.0071907502336,687.641845703125,25321986
684.0801877865762,688.1297556204311,681.7383185511288,684.7144775390625,53295700
683.0556423914468,699.0342654545325,683.0556423914468,698.0584716796875,34738898
698.1560071317514,701.1078070387549,694.9115405699919,699.0098266601562,35616474
693.7893617989259,704.0351962558722,693.6186098028551,702.9862060546875,37991672
699.4245958281172,708.8409698731881,699.4245958281172,703.8400268554688,42409530
705.2549422396633,707.9627937551987,703.2545769369691,705.5476684570312,49348046
697.6924898632399,705.4744207347801,694.2772119408324,696.619140625,50531094
699.6440750799932,714.2809804163948,697.3265650683963,712.10986328125,65418454
715.0128592805324,717.9890182605684,707.4992356099157,712.5245971679688,63067454
713.354023265372,715.2568330273992,704.6694944516527,710.1094970703125,52432158
707.4504695713292,711.9879343371866,703.6692687856893,708.743408203125,143613804
705.9867325727868,710.3778041644626,700.5223117484559,705.5232543945312,21437856
700.3759411946778,708.6214100245016,700.3759411946778,707.13330078125,36183594
706.9869775732805,708.2554975134666,695.0822821301085,698.204833984375,43606094
703.8400050546036,708.0603248455029,701.7420842711765,705.3768920898438,28922860
703.0593778149206,707.8163722172076,701.4737130141583,703.9619750976562,45980326
696.3263597467652,701.5712508786149,693.862516391552,695.4481811523438,56844290
694.5456408933281,706.4502773513334,693.4234542243514,702.9130249023438,62168668
702.9130100553627,712.5733920868189,702.9130100553627,706.4259033203125,55592142
711.3536208022091,719.0624150016182,710.1826564284388,717.4523315429688,25199570
714.8421302489443,729.3326438552102,713.915114259427,722.1605834960938,41225446
718.233010639221,729.7230063942935,717.8915066341848,723.2095947265625,45584386
733.7969245728358,746.4822437476322,733.7969245728358,745.311279296875,88935066
750.8732940053004,758.435695601845,746.555418553657,756.0206298828125,59055902
758.6552258436952,759.7774124850323,752.1174553313906,754.581298828125,20482940
758.6064293615655,758.6064293615655,751.507565703638,755.53271484375,21884494
756.1913484827649,756.1913484827649,747.9214610448722,749.580322265625,27807400
742.0911548103476,746.4090302887248,738.407509541618,741.0909423828125,41084208
730.6499530856798,736.7242450579366,727.9665204050052,729.2593994140625,23415248
725.5026923813566,738.1392340391543,723.1851820997081,736.3583984375,20744886
736.6266895108188,741.0421202780234,727.4786235539735,729.2593994140625,34234884
725.2831307348538,748.8972920789734,722.2093565679853,747.1165161132812,34576434
759.8505812151463,759.8505812151463,735.8948573152056,737.797607421875,42298438
744.6770523696173,744.7746079252265,733.43100515139,735.5533447265625,26827060
739.1637333426143,742.4570371050319,736.2607708862384,737.5536499023438,22441580
734.8946740054026,741.4568632049669,734.8946740054026,737.0902099609375,35445204
741.5056776236735,745.5064080848092,734.5531473126731,736.626708984375,24854694
739.1637764588102,748.6533469935576,735.0410716277239,746.23828125,36093350
746.091826889278,751.1171881844673,739.1149377840022,741.6519775390625,52307382
742.579013291065,749.8974661158784,741.7739715687912,747.5799560546875,33475006
748.0678237419853,751.6538535747777,735.3580873420324,741.4080200195312,31865242
742.5790343229501,748.6777451830269,740.2127464207849,742.8961791992188,28793396
742.5546210792685,743.5792521574227,733.8700924857302,734.8458862304688,28480602
729.8693027294199,730.3571996020108,722.258123428545,723.3803100585938,41687862
719.6234580270161,725.3806648636523,705.1573636094935,706.230712890625,46281278
711.6708342116414,718.0753530118417,705.6372348872289,711.1268310546875,27276608
708.2089541772247,721.9577275757179,707.3682274722066,719.7074584960938,27047202
718.22378620478,724.776697320093,717.2594196607425,722.5264282226562,25665142
721.9082174518683,721.9082174518683,710.0882979647168,711.423583984375,38931996
715.157518720131,723.317747384723,709.939893819518,722.1802368164062,34945236
715.2316656337492,726.0130829762145,715.2316656337492,724.0842895507812,20920190
717.1604326104932,726.8537828670411,717.1604326104932,721.463134765625,43769978
720.9933066861782,724.8261414911259,716.1961053367776,721.6609497070312,39996278
721.3889351295842,739.6876292323841,720.5976523236648,738.17919921875,40861920
735.657009867002,751.6807443746101,734.9151708654554,750.3453979492188,31060206
753.386948018145,764.0941696541679,751.2603791083815,755.5382690429688,29385440
756.7251988669668,759.667863025721,754.1040707094749,756.9230346679688,27908904
750.7410489192533,753.6342088715186,742.4571802964618,745.94384765625,35147706
741.4433011473677,753.5105605116023,740.6767704314677,749.1831665039062,33755350
751.2355783998958,759.6430865189203,748.7627818943004,757.4423217773438,74079588
790.8003565676889,790.8003565676889,766.566949768554,777.546142578125,72637256
770.0288704123839,771.017989064166,719.0892598456045,733.5056762695312,89531240
738.8963534687351,771.3146796750631,733.109973380096,767.4571533203125,81631650
773.935880390408,774.2078517897421,764.8854208210912,771.3641357421875,46422870
772.0318249530194,783.5550205030976,767.5807912210815,778.1148681640625,36712216
778.4363970142696,781.7252286819569,770.3256118072627,772.155517578125,22454058
769.5343282958008,776.9527183500663,767.6549786669818,773.886474609375,29545326
778.9309224262815,785.5085854751742,774.6777243843782,778.5105590820312,39280436
782.2692175314205,784.2227027297831,778.4363827371303,781.774658203125,24120192
783.3819525669433,790.8003422692817,780.2662047435571,789.7617797851562,25540554
789.7617573819961,796.4877517804514,786.0772543784135,795.1524658203125,32415714
797.9220138815658,825.8646152836459,793.2731442289646,819.9051513671875,90131196
825.8151782490594,831.5767460411671,817.0119981879759,825.5925903320312,41408742
827.3235539541299,827.3235539541299,812.6351661642008,823.8121948242188,51630776
814.5391944673332,828.4362991900541,813.9209953215626,827.1010131835938,28544994
826.4580622064062,849.1335948068291,826.4580622064062,846.3640747070312,74521548
844.6825592195571,846.1415454236824,836.3492468230486,841.49267578125,47596666
838.8220496434358,847.1801142163279,834.1237361086692,838.8468017578125,55074650
839.5638961186019,844.0149300333846,830.3651047689197,832.739013671875,26476046
830.8596393241663,844.3611326115878,830.8596393241663,843.322509765625,21187024
848.1692251398825,858.0109675815969,842.1108735317405,855.8843383789062,45921690
885.7557199946634,887.2393979176026,872.7240943123832,874.7023315429688,123217802
870.3007837565597,870.3007837565597,853.0406510100436,854.1781616210938,45848658
833.3324416247847,833.3324416247847,812.1652788997987,815.0831909179688,82242548
813.6984894445985,818.4709386802197,804.7222255347881,808.777587890625,39087800
803.6588813928593,814.3907943067477,801.3591685195946,809.3463134765625,48550878
806.1069221261695,811.077267333538,801.5570006285559,804.202880859375,45507182
803.1396038660503,804.079278672004,791.7894913335649,802.1257934570312,44177074
802.1751949386293,810.2859796373648,796.8092385386732,802.5213623046875,56049960
802.9170655405684,806.0328134419176,798.8121989874908,802.2246704101562,33375694
801.5569982727399,804.6479939470911,799.6035131549537,801.0624389648438,28950324
795.2514132805662,803.1396105512065,790.8745752257059,798.6144409179688,33717064
799.2078543012296,802.669769511693,793.0258628539739,794.9052124023438,26002152
799.7024250934729,816.5174420713196,797.5511041131565,812.3384399414062,53744822
814.8112530537705,814.9348928869933,793.7677292908329,800.3948364257812,52002152
795.3255937640898,801.6806690416364,785.3849633659066,793.2979125976562,61728206
787.8329898611263,803.6588879625425,787.8329898611263,799.5045776367188,25535732
793.7677120388416,802.0515806847299,789.5392056861182,800.2711791992188,43810540
798.7133216768059,807.0466343519869,790.4542049756736,793.79248046875,51001148
792.2840484772247,808.4808665718746,790.8003704838217,798.9853515625,54595834
798.218749697799,805.0931363821619,795.8448407919288,799.084228515625,37820484
802.6203205386024,816.0476179506617,800.1722157184867,810.4838256835938,26215174
806.6262389770505,826.161331827813,806.6262389770505,820.548095703125,44119238
811.1267359923157,814.0446480809028,791.7894784796631,799.084228515625,41333634
806.1316994014651,807.5906252611799,787.9813963302171,791.8883666992188,45116050
799.702417653856,806.1316887914566,792.3829155949526,802.9170532226562,42346264
803.1643622151092,817.6549749182574,800.8152053674972,812.41259765625,33976950
817.0119960604917,822.229621031195,813.9457524270708,816.1217651367188,26644618
817.0119650379326,828.8566361453758,814.7122522146834,821.0178833007812,39316196
805.1425981089152,807.3186712590878,791.863692026346,792.8775024414062,54055042
794.5095145826111,798.0703173903204,792.8774447459896,795.1524658203125,32334428
805.3898256326419,808.1840977712124,796.7350378226504,807.1702270507812,27849246
809.9150540665227,809.9150540665227,803.0159155718857,806.8982543945312,19502164
804.8705253703886,814.0446247245275,804.8705253703886,809.9397583007812,31134494
805.1920156414193,808.3819594733652,800.098090875468,804.0545654296875,47630904
807.1208255853022,810.2365735089444,805.1425882676912,806.774658203125,21300638
808.1099365929986,808.1099365929986,802.6697840210751,803.6836547851562,20333422
807.2197164517081,815.0090259201874,807.2197164517081,811.0525512695312,22364266
812.7588108486618,814.7370481585668,807.2197101583209,809.9645385742188,35773244
809.9645420446893,810.9536607038799,806.2305949578401,809.64306640625,26921188
812.0663739005627,813.2533282995886,806.7004175479549,810.3601684570312,49052604
818.9902606997957,821.957616716824,801.7548799084259,809.544189453125,445342100
814.4402803944014,814.4402803944014,802.7686326031779,804.6232299804688,34049680
808.1099010070027,811.0525047111033,803.4610314851475,809.7666625976562,37282860
810.5827390293232,813.4512072816755,807.1208237314554,811.967529296875,24682744
814.0446147735462,815.9734081342709,812.0663775565996,813.7725830078125,22876318
810.236551029228,814.9101124140132,808.1593656807601,809.56884765625,26029602
810.0881768767318,815.2810498054289,806.1811461228432,814.2919311523438,23792914
818.0011375280176,818.0011375280176,810.0881881928009,816.1959838867188,26606646
816.2207391956355,817.2593017257441,810.6816384167022,813.006103515625,22226684
818.0011086381118,825.9140576938613,814.5639455404247,824.2325439453125,32424046
827.8922984361488,827.8922984361488,819.5095421433984,823.9110717773438,23860532
824.4303649829031,829.7716296482926,822.9714391752782,826.3838500976562,15172820
829.8705392730935,829.8705392730935,823.0209047627114,825.3206176757812,20127122
826.8289658581398,840.206819269378,826.4580463776546,838.1791381835938,40917342
840.355164064941,850.1474626522718,840.3304723217923,844.95458984375,30651776
848.9110571189807,862.9812453650045,844.4847754350426,861.1266479492188,60623386
864.9842357759095,873.5648277558596,860.6568418004725,870.3255004882812,26965350
872.8972095571721,881.131634401418,867.5806968077446,874.4056396484375,33039036
870.4986083342028,884.2720734669664,870.4986083342028,879.8704833984375,31965312
876.8784209519819,884.2720585910137,874.405624367555,882.0217895507812,31899644
878.8319364182684,879.4253834705961,865.4788344017837,866.7894287109375,35613502
864.8853701436061,866.1959040556759,852.8181105612366,856.6015014648438,26383534
852.6202456256723,861.5223131554067,850.6914522533613,853.708251953125,24572284
848.4906876477436,853.6835603744199,827.570804800444,831.8487548828125,48473398
828.1395869381932,836.1267320843882,817.5065614863144,819.8062744140625,48683232
817.1108756255192,820.4739031139926,797.7241746370524,800.0980834960938,94458296
806.1316776388605,819.3858913337193,802.1752031473815,816.5421752929688,29734406
815.7756080998508,819.361163212748,805.4887499723757,807.6895751953125,41125642
810.5826957697835,823.6637651559199,807.3680603076093,822.1553955078125,21754766
823.1692549129062,823.1692549129062,812.6846212367445,816.5174560546875,23672594
819.0150101360982,836.8191461800322,818.0011393518581,834.8656005859375,18527508
837.7834783871178,839.7617156442302,828.6341310729728,832.8873291015625,19651130
830.9091224661222,844.6825878021621,830.9091224661222,840.6519775390625,20470682
838.2532805925409,839.5886269557412,823.5401410804355,827.471923828125,14695732
822.5016097295583,836.2998271121154,818.0505757591212,831.7745971679688,24809724
848.1692028251224,864.5638557585969,846.2157177308674,854.9446411132812,46548354
855.6123858594864,860.533227003429,846.0426146072081,847.9467163085938,38875280
843.2484162089403,863.7478764456906,843.2484162089403,858.4561157226562,38036090
859.5935408112696,874.7023521644671,859.5935408112696,865.3057250976562,30832258
867.9515976583842,869.3610796316616,854.944663527977,862.2147216796875,26130478
861.5223206649657,865.9733544686309,855.0436057582773,857.6647338867188,22012142
853.6835873421859,872.4026456407167,853.1642759047096,866.3937377929688,35794926
861.5223610141225,867.8279925313038,852.7191807083974,857.8626098632812,32715724
854.5984727039183,859.9891811626528,850.3452747866538,858.4065551757812,22895912
857.0713077719009,862.5609041894865,853.6588363649659,859.1979370117188,1759692
863.0060162056336,863.0060162056336,846.1415554130094,847.72412109375,28089248
842.2345175002172,871.7596845994718,839.7122770557751,869.361083984375,44232406
876.1118453894734,876.1118453894734,863.1791069495163,868.0752563476562,27787910
862.6598245654927,870.894188741852,859.5440767785935,863.7725830078125,18895456
866.4679192572124,871.3146246891328,863.4263673979466,867.6795654296875,19902986
867.7290890558342,881.7003900068671,866.0722670179291,873.5401611328125,24565362
876.3590846616112,877.8427625701805,845.0287648998575,849.7517700195312,31395406
849.0346943403182,855.2908816778986,827.3977245559065,831.5272827148438,35728500
827.4471805574024,843.1494388599865,826.9526212407856,837.165283203125,27146470
840.7508308706525,850.098013946887,838.2780343092683,843.2730712890625,27081968
847.6746949660999,867.3334284112005,842.0861503666349,861.64599609375,50981272
865.1820705210092,869.9298278312187,857.6647327730853,861.1266479492188,35716512
862.2889239945926,867.6054366689331,855.3650935349862,863.302734375,24773612
882.813111612645,891.9624587559118,872.847729541858,883.0850830078125,427737274
895.1523761238119,895.1523761238119,875.2711154544389,883.0604248046875,30935566
885.2117154093354,898.7873442340305,882.8625587017864,896.2898559570312,32714976
899.6033767351272,908.0603287852633,884.2720382641053,886.8190307617188,35722392
890.84973234324,892.4817418859379,881.7498287291584,888.2532958984375,27669536
891.9377419237233,894.2374548573351,877.8428011725027,892.5311889648438,15110876
901.4332222848348,908.7032803006966,898.1691429416561,903.2136840820312,43410242
909.0,922.3531011969533,905.6122808446044,919.9297485351562,44669084
919.8803439415701,929.746778320926,907.6152485406113,922.7240600585938,39682714
918.3966361385092,921.9574390122904,911.967365126231,917.827880859375,17783156
916.739894932397,929.7715209308155,914.44018202185,924.825927734375,26947912
928.6339877475872,928.6339877475872,919.1632253036969,923.88623046875,13325480
920.7210570298945,925.7655982898422,918.2730125572359,921.4134521484375,14045426
915.429285096372,924.1582690138754,914.2917745321272,919.5093994140625,17293790
921.1167325447443,927.2987240383331,904.6726351717979,925.69140625,19009002
922.4025825090224,924.8011831546361,917.5311852450419,922.4520263671875,13107082
918.0751871935557,921.0425431316097,903.3126034759392,906.65087890625,21079532
904.969358193441,908.0109100808224,893.742885795639,895.49853515625,23422312
890.0089261951779,890.7507651635065,879.8210164376677,886.9921264648438,25380770
881.4035768672433,888.9951105616437,873.9110516283157,876.11181640625,25692348
881.3047276930569,893.1741516350509,880.9585603098202,890.7013549804688,11044592
891.2206353553698,894.5094064944967,885.0386439344397,889.26708984375,14485834
889.4896668257801,896.141465364547,880.6864870021618,885.632080078125,10481678
887.6351030662762,893.1493912581756,884.8160786835223,889.34130859375,7259330
886.3492007198835,897.6251775114066,875.8645671474937,879.2770385742188,22222218
875.5183899347844,881.2058221251157,873.1939249039556,876.7794799804688,14117236
877.0761724744651,887.2393903078329,870.9683771516202,881.6755981445312,7313806
878.8813589072602,891.9129849656118,876.8536777615963,887.1157836914062,18558576
885.7557334037897,887.8576104931063,863.648956165734,865.0831298828125,24426194
860.5826695347365,869.0396219197681,843.6193209063655,845.9437255859375,18816348
848.1692125054315,851.1365683509316,840.7508228916814,847.3779296875,13527906
844.8309631702573,846.5124769419739,832.5164239583765,837.931884765625,19738190
832.9120825317088,835.3106831355454,820.028788226004,824.8260498046875,40420222
826.4086152573633,828.3374086598142,818.0011069034583,819.3611450195312,17453280
811.0772928855953,814.4155683288744,803.312735632595,806.5520629882812,21669066
811.0278463113743,819.0891270581352,809.5936121996773,814.3413696289062,26661432
819.2374918888494,822.3037354432594,809.2474180377633,812.585693359375,14022892
817.4323543947493,821.2404973552996,812.4867612285881,817.0367431640625,21212454
812.8082461283554,816.2701613841501,805.3898562945099,809.469970703125,23112076
804.1534297969105,821.4382533553962,804.1534297969105,816.6410522460938,17557618
820.102974165005,821.4877643786353,807.6401037263693,812.2642211914062,31158144
812.2642314096465,826.853731208962,803.8814147938745,823.9605712890625,30619306
834.3215948897786,834.3215948897786,816.6410987325115,823.391845703125,34909158
820.9684922755642,826.0624775507392,813.3028226187744,815.9240112304688,24236200
811.6212597781287,812.8576580351702,804.1534263797997,806.0327758789062,22804166
814.5391775980519,832.9862638742073,814.5391775980519,826.1118774414062,30179312
828.3868424683864,831.4283942925468,825.345290644226,829.5243530273438,12619890
831.3541854420887,839.7122497078259,827.1751834947243,836.5470581054688,25744846
834.4451973191599,843.0752331459935,832.81312744478,840.1326293945312,15821686
839.514411978347,847.180081130432,828.9061391388648,836.2750244140625,5587528
825.914069847498,834.2226906267036,822.6746821317275,829.8705444335938,20276540
835.1623116456053,853.5105109804662,830.8844217623837,851.087158203125,28616502
857.0712816005666,862.6103217071694,850.0980074251621,859.4451904296875,23675506
858.3076976223431,864.9842484249369,852.6202654571706,862.437255859375,26760716
865.4787798083339,873.8862879550435,853.1147972396434,856.9476318359375,23509600
849.3067522343022,852.3482437836052,844.9546060296723,848.5401611328125,17195950
842.2345201407762,846.1909946922302,835.1622977316479,841.4432373046875,22724704
837.2889486748277,846.6855759783255,831.4531244116189,844.1138916015625,22809570
840.2562935563526,847.7983232660256,837.5609693822839,839.6133422851562,12602434
841.6905248012127,841.6905248012127,830.8596635415581,838.203857421875,19959892
833.4313269713399,850.6420151471393,831.4778418407722,849.3314208984375,12938946
847.2048585113112,856.3542058366745,843.792387164406,852.1504516601562,16350910
849.1583389885324,859.4946406869979,846.9080699697745,854.2028198242188,11884112
846.1910127639487,848.0208581346712,833.480862144362,834.3710327148438,26390510
831.3047500972469,838.2532721286863,829.4995965549126,837.0416259765625,15680940
831.4036522988879,832.9367741010504,821.5124659997613,829.4254150390625,20693646
826.4580582984072,834.8161227867658,826.4580582984072,832.0218505859375,24138708
832.1207817850297,846.0673300210148,832.1207817850297,841.0969848632812,35786800
833.3324728024684,859.1731978493104,833.3324728024684,856.7745971679688,54516728
860.4343505158643,862.0416683458989,837.8329528063085,841.5174560546875,21205364
839.7616994757401,847.823040291667,837.412542778149,845.6964111328125,19920958
841.7151964431243,846.0920946487043,834.9397580208863,835.8052368164062,21583872
834.3215566852482,840.7013838639193,827.0268068564945,836.398681640625,32966088
831.848771123927,841.3195941178813,829.6726980551083,835.434326171875,13372914
835.3106866319445,840.7013952628595,832.3680828434274,834.56884765625,15604050
832.0465901366277,837.7834660233889,825.9387947696318,833.5797119140625,19898430
836.5718470958394,849.9001967043049,836.5718470958394,846.2651977539062,18784106
848.6885142038501,851.037670887958,840.7755653731708,844.014892578125,15736264
843.2236546626341,852.6202818993438,843.2236546626341,845.894287109375,18950652
845.894287109375,845.894287109375,845.894287109375,845.894287109375,0
858.0604352691031,865.9733845280689,856.6756450003794,862.5609130859375,15221406
867.4570202766122,877.3482063687059,865.1326156933737,874.7517700195312,17833978
868.2236490171963,877.3976882930464,868.2236490171963,875.5430908203125,33508264
879.8210412597656,892.3828602187335,877.1751609389484,890.206787109375,17393736
892.6301428240463,911.8190085201571,890.9486290353171,900.8150634765625,39101416
902.5707623314628,903.8071606360264,891.1958979294773,893.4461669921875,24478442
890.2067688619484,910.4837008193595,889.267094087281,902.7438354492188,41658100
904.5489919149949,908.010907138289,893.0999316380415,904.1533203125,28773648
891.1959148962379,895.1029456872441,873.0703033320538,874.3067016601562,28511006
875.7161547465231,889.8110952211971,875.7161547465231,888.6736450195312,11573564
880.8595993384149,892.1850199249685,878.831918185515,887.6597900390625,11250038
896.6360660433086,910.9535345104325,895.6963912413166,898.7626953125,33540454
871.8091659837349,880.2413659015269,859.6429587981435,869.286865234375,37995450
872.8972127135281,881.3047212779077,865.627214750381,874.9496459960938,35563872
872.897216796875,877.8428100931746,867.2097845061305,872.897216796875,22454608
877.7191458375222,899.8012313652504,877.7191458375222,893.5450439453125,32775766
922.3531547965306,928.1889790664363,917.4075614732249,922.3037109375,49298344
931.6508778930901,931.6508778930901,920.127621505461,928.7824096679688,19136820
930.7606659314406,949.4055286616835,928.1394773146847,942.9762573242188,35703084
951.5321247753582,964.736834375136,944.6082943455999,953.0652465820312,34247298
956.9722921478614,974.5785920118833,956.9722921478614,970.177001953125,45961750
978.6834279922238,978.6834279922238,949.8011522919606,951.482666015625,30570642
944.6082860062515,951.4826725178812,942.1849333030283,947.9713134765625,25931754
951.9277760477684,955.9831382073318,935.6073189547307,945.2017211914062,18500878
945.201737168211,954.3510844810811,943.8170073110313,949.6527709960938,13920492
948.9604246244575,953.9060177059462,939.761573196081,944.0148315429688,18918308
946.0919606394582,957.9119402302744,944.7566746500019,952.0266723632812,31936870
954.4006221017471,960.3847779388492,949.5539165045171,950.4935913085938,17840404
958.9504941175195,965.3797650940681,955.6369709164711,957.8624877929688,15068024
954.4994832691565,959.4945203042904,951.6805193063512,955.3402099609375,17490156
956.4777235793782,963.7477214250881,950.7408475493813,962.214599609375,21420778
966.764563396747,966.764563396747,949.1087598060392,953.7576293945312,34803430
944.6577478176147,949.0593378526761,933.1345518505561,934.5687255859375,17188796
948.3669400510574,969.2868234375189,945.7458118774061,967.9514770507812,18618972
964.3906589098536,970.1769787149088,949.5538795420097,950.8397216796875,24242102
950.5924615044366,954.5983799416475,941.1463905208625,944.905029296875,15445308
946.33926678593,961.818997780637,938.1790379372403,956.3788452148438,32241458
956.3788584731112,961.324451783302,953.7082260114057,956.8239135742188,15868010
957.9613973326752,961.9178718699294,954.9940414297346,958.8021240234375,10202964
953.5598362823298,956.7744719414333,946.0920024407687,947.0316772460938,23879090
953.0158188688971,962.8575615064055,950.0979067784382,952.9169311523438,15132040
947.1799905275001,951.6310244310523,942.234397301331,949.5044555664062,21306670
949.6033562798515,957.9614210206772,946.8338361094924,956.2799072265625,9566072
956.9722610590912,964.3412068231021,952.966342738162,959.5439453125,10802860
955.2907448022735,963.4015295068202,947.7240236319352,952.6696166992188,26162148
949.652781171437,956.7250035888101,948.4163828726663,951.2848510742188,18157594
953.5103411762321,959.8407244361792,943.2729876989366,953.2630615234375,28917794
955.4391372124952,963.7972015745158,952.2245017171803,961.868408203125,28748078
954.5489062884246,957.4668182736877,943.6191576788204,955.5380249023438,14668822
958.4559643995623,965.3797948957408,949.5538966187614,951.828857421875,24377584
950.0484392204654,961.077136036551,949.9989953634222,960.0385131835938,12961542
963.4015272438888,968.7922357487674,959.5439405120651,964.1928100585938,22255418
961.4232889211333,987.2887647210674,960.780337676229,978.58447265625,30127008
986.6458648304325,986.6458648304325,977.1997936874614,978.6834716796875,13202588
980.6122466205961,980.6122466205961,969.8802731236067,971.9574584960938,15533126
973.0948970543277,973.0948970543277,962.9069872297456,964.5885009765625,11096394
964.3906663258866,969.8308188025967,957.1206685281417,961.1265869140625,16349130
949.5538978058345,955.9831689888948,946.0919825534174,948.366943359375,12117762
951.5321167467487,958.9010625733033,949.6033233548168,957.1701049804688,16513746
957.9613867228163,960.2363474823392,949.1087629695547,954.3016357421875,16978736
948.0702190858784,957.615238136921,948.0702190858784,956.4282836914062,18433816
956.4282713886781,962.8080986266202,952.3234049256197,957.1206665039062,16876220
955.2907435737949,974.2323891455358,955.2907435737949,971.66064453125,32900408
963.599365234375,968.2976786479562,960.3352858844046,963.599365234375,11739518
971.8090531859641,978.7328835903426,967.1601835545366,969.7813720703125,22625322
972.3036366868827,980.2165859172948,971.2650741745935,979.3263549804688,18405932
979.9198164694815,1002.5211525011852,979.2274213700686,999.9000244140625,50084830
1006.5,1009.9000244140625,996.7000122070312,1007.4500122070312,28213384
1005.75,1006.9000244140625,997.75,1000.75,13649020
1002.5,1008.0,1002.0,1006.0499877929688,14389386
1009.9500122070312,1009.9500122070312,988.9500122070312,993.0,18878250
997.4500122070312,1004.0,992.1500244140625,993.5499877929688,16860506
993.5499877929688,1001.75,990.0,994.6500244140625,7863944
994.5,999.2000122070312,991.9000244140625,993.7000122070312,11349426
988.5,1002.5,988.5,1000.7000122070312,15224316
1003.5,1006.9000244140625,999.0499877929688,1005.5999755859375,13861428
1008.0,1008.5,1000.0,1003.0999755859375,17030310
999.0,1002.4000244140625,990.4500122070312,991.8499755859375,12516922
991.5,994.3499755859375,985.2999877929688,991.5,13088850
986.5,1001.7999877929688,986.5,997.75,14498168
1009.0,1011.3499755859375,996.2999877929688,998.1500244140625,17994612
1002.0,1002.4000244140625,991.3499755859375,993.4500122070312,22529158
993.4500122070312,998.5,976.5,978.7000122070312,16129446
989.0999755859375,1001.0,988.25,1000.25,22309078
1006.5499877929688,1009.0,1001.5,1003.5499877929688,14836814
1005.5,1014.9000244140625,1001.5,1012.1500244140625,13634916
1018.8499755859375,1018.8499755859375,1004.2000122070312,1007.0999755859375,19107176
1007.5,1007.5,999.5,1002.2999877929688,9306598
1001.5,1010.7000122070312,1000.25,1004.25,12059580
999.9500122070312,1013.25,998.1500244140625,1010.7999877929688,19895696
1014.0,1016.2999877929688,1008.5,1012.9000244140625,15154036
1007.2999877929688,1015.7000122070312,1004.0,1009.0999755859375,22183032
1007.0,1014.1500244140625,1004.6500244140625,1006.0999755859375,11317258
1005.0499877929688,1009.25,994.0499877929688,996.0,13933946
993.25,997.2000122070312,982.75,988.7999877929688,23978058
985.5499877929688,994.0,985.0,992.6500244140625,14080204
990.0499877929688,1000.7999877929688,988.4000244140625,997.7000122070312,13081186
993.5499877929688,996.4000244140625,985.0,986.9500122070312,13895264
987.9500122070312,998.7999877929688,986.5499877929688,997.7999877929688,9105854
995.9500122070312,998.0,983.75,984.9500122070312,12937802
997.0,997.0,984.5499877929688,990.1500244140625,13577396
989.0,998.0,985.5999755859375,995.5499877929688,17511716
1005.0,1013.2999877929688,997.7999877929688,1001.7999877929688,19284796
999.1500244140625,1003.0499877929688,993.3499755859375,995.5499877929688,12352438
993.5,996.0,989.5,994.0999755859375,9950228
998.75,998.75,991.5999755859375,995.5999755859375,12439850
994.9500122070312,998.0,978.5499877929688,982.2999877929688,19833502
980.0999755859375,988.7000122070312,978.5,982.0499877929688,17518044
979.5,985.7000122070312,968.0,973.4000244140625,16917731
